{"cameraMode":{"drawMode":0,"name":"Shaded","section":"Shading Mode"},"sceneLighting":false,"audioPlay":false,"sceneViewState":{"showFog":true,"showMaterialUpdate":false,"showSkybox":false,"showFlares":true,"showImageEffects":true,"showParticleSystems":true},"in2DMode":false,"pivot":{"x":0.030180513858795167,"y":2.4068655967712404,"z":0.0},"rotation":{"x":-0.05245056375861168,"y":0.03145159035921097,"z":-0.0016528350533917547,"w":-0.9981268048286438},"size":21.585573196411134,"orthographic":false}